id,category,detected,total,ratio,revaluation 
94,N,0,6845,0,
114,A,2,6847,0.000292099,
120,FX,1,2844,0.000351617,
108,NA,4,6846,0.000584283,
124,CP,16,6848,0.002336449,
102,N,18,6847,0.002628889,
89,N,23,6849,0.003358154,
116,A,24,6859,0.003499052,
112,A,31,5526,0.005609844,
95,A,68,6852,0.00992411,
87,A,92,5200,0.017692308,
106,A,132,6848,0.019275701,
121,FX,154,5350,0.028785047,
118,A,479,6849,0.069937217,
110,A,799,6847,0.116693442,
100,A,1381,6843,0.201812071,
